Date,Open,High,Low,Close,Adj Close,Volume
2013-01-01,10604.500000,10743.690430,10589.700195,10599.009766,10599.009766,406700000
2013-01-08,10544.209961,10830.429688,10398.610352,10801.570313,10801.570313,931500000
2013-01-15,10914.650391,10952.309570,10432.969727,10747.740234,10747.740234,1203600000
2013-01-22,10765.099609,11002.860352,10441.110352,10824.309570,10824.309570,1077000000
2013-01-29,10751.009766,11285.490234,10751.009766,11260.349609,11260.349609,1349300000
2013-02-05,11105.240234,11498.419922,11046.919922,11153.160156,11153.160156,1471000000
2013-02-12,11346.719727,11460.639648,11065.059570,11407.870117,11407.870117,1441100000
2013-02-19,11336.450195,11662.519531,11175.669922,11662.519531,11662.519531,1077000000
2013-02-26,11449.660156,11767.679688,11253.969727,11652.290039,11652.290039,1073800000
2013-03-05,11732.570313,12403.950195,11666.379883,12349.049805,12349.049805,1312700000
2013-03-12,12433.599609,12560.950195,12220.629883,12220.629883,12220.629883,1120800000
2013-03-19,12405.610352,12650.259766,12338.530273,12546.459961,12546.459961,696400000
2013-03-26,12461.790039,12540.120117,12133.000000,12135.019531,12135.019531,924700000
2013-04-02,12051.570313,13225.620117,11805.780273,13192.589844,13192.589844,1610400000
2013-04-09,13309.129883,13568.250000,13151.730469,13275.660156,13275.660156,1688900000
2013-04-16,13023.910156,13611.580078,13004.459961,13568.370117,13568.370117,1386200000
2013-04-23,13545.599609,13983.870117,13505.530273,13884.129883,13884.129883,1090400000
2013-04-30,13854.820313,13897.059570,13637.959961,13694.040039,13694.040039,602800000
2013-05-07,13960.040039,14849.009766,13951.809570,14782.209961,14782.209961,1437800000
2013-05-14,14822.559570,15381.740234,14755.080078,15360.809570,15360.809570,1797400000
2013-05-21,15264.790039,15942.599609,13981.519531,14142.650391,14142.650391,2354700000
2013-05-28,13943.620117,14512.280273,13261.820313,13261.820313,13261.820313,1517700000
2013-06-04,13186.599609,13711.419922,12548.200195,13514.200195,13514.200195,1561900000
2013-06-11,13504.769531,13584.309570,12415.849609,13033.120117,13033.120117,1156700000
2013-06-18,13015.150391,13426.129883,12702.669922,13062.780273,13062.780273,964800000
2013-06-25,13081.620117,13862.709961,12758.219727,13852.500000,13852.500000,961700000
2013-07-02,13969.150391,14497.650391,13898.540039,14109.339844,14109.339844,958200000
2013-07-09,14295.440430,14574.169922,14186.030273,14506.250000,14506.250000,728200000
2013-07-16,14594.879883,14953.290039,14413.280273,14658.040039,14658.040039,1072000000
2013-07-23,14555.360352,14820.179688,13661.129883,13661.129883,13661.129883,845100000
2013-07-30,13634.200195,14466.160156,13613.780273,14258.040039,14258.040039,893200000
2013-08-06,14237.099609,14401.059570,13430.639648,13519.429688,13519.429688,777000000
2013-08-13,13696.360352,14050.160156,13532.610352,13758.129883,13758.129883,643000000
2013-08-20,13632.959961,13774.660156,13238.730469,13636.280273,13636.280273,687800000
2013-08-27,13551.750000,13678.790039,13188.139648,13572.919922,13572.919922,640300000
2013-09-03,13748.679688,14251.459961,13748.679688,14205.230469,14205.230469,760800000
2013-09-10,14318.719727,14561.459961,14233.120117,14404.669922,14404.669922,679000000
2013-09-17,14456.990234,14816.650391,14311.669922,14742.419922,14742.419922,614300000
2013-09-24,14626.040039,14817.500000,14410.519531,14455.799805,14455.799805,741900000
2013-10-01,14517.980469,14642.969727,13841.929688,13853.320313,13853.320313,763200000
2013-10-08,13794.740234,14447.870117,13748.940430,14404.740234,14404.740234,638900000
2013-10-15,14510.269531,14727.849609,14415.759766,14693.570313,14693.570313,596600000
2013-10-22,14677.080078,14799.280273,14088.190430,14396.040039,14396.040039,646100000
2013-10-29,14288.719727,14526.879883,14126.410156,14201.570313,14201.570313,621600000
2013-11-05,14319.750000,14407.690430,14026.169922,14269.839844,14269.839844,652200000
2013-11-12,14289.870117,15273.610352,14278.209961,15164.299805,15164.299805,910600000
2013-11-19,15096.629883,15619.129883,15020.330078,15619.129883,15619.129883,828600000
2013-11-26,15501.950195,15729.089844,15414.519531,15655.070313,15655.070313,756900000
2013-12-03,15747.540039,15794.150391,15112.540039,15650.209961,15650.209961,749100000
2013-12-10,15633.969727,15633.969727,15146.129883,15152.910156,15152.910156,774500000
2013-12-17,15290.219727,15891.820313,15248.419922,15870.419922,15870.419922,650900000
2013-12-24,15955.900391,16320.219727,15849.000000,16291.309570,16291.309570,833300000
2013-12-31,16147.540039,16164.009766,15864.440430,15908.879883,15908.879883,192700000
2014-01-07,15835.410156,16121.450195,15754.700195,15912.059570,15912.059570,827500000
2014-01-14,15657.200195,15941.080078,15383.690430,15641.679688,15641.679688,936800000
2014-01-21,15710.889648,15958.580078,14933.549805,15005.730469,15005.730469,991400000
2014-01-28,15038.639648,15383.910156,14615.049805,14619.129883,14619.129883,989300000
2014-02-04,14353.330078,14725.919922,13995.860352,14718.339844,14718.339844,1103300000
2014-02-11,14821.730469,14874.790039,14214.599609,14393.110352,14393.110352,666700000
2014-02-18,14514.469727,14982.530273,14428.730469,14837.679688,14837.679688,830600000
2014-02-25,15002.509766,15094.540039,14443.099609,14652.230469,14652.230469,733800000
2014-03-04,14553.950195,15312.599609,14546.339844,15120.139648,15120.139648,669200000
2014-03-11,15179.469727,15256.030273,14203.209961,14277.669922,14277.669922,750700000
2014-03-18,14491.410156,14663.540039,14207.830078,14475.299805,14475.299805,622500000
2014-03-25,14401.690430,14843.669922,14227.809570,14827.830078,14827.830078,822500000
2014-04-01,14870.509766,15164.389648,14751.290039,14808.849609,14808.849609,645900000
2014-04-08,14715.799805,14740.099609,13885.110352,13910.160156,13910.160156,717500000
2014-04-15,14068.750000,14649.500000,13969.169922,14512.379883,14512.379883,565800000
2014-04-22,14586.290039,14604.299805,14224.469727,14288.230469,14288.230469,521200000
2014-04-29,14393.509766,14493.030273,14275.690430,14457.509766,14457.509766,362900000
2014-05-06,14296.250000,14299.129883,14033.450195,14149.519531,14149.519531,500700000
2014-05-13,14367.940430,14464.009766,13991.799805,14006.440430,14006.440430,620500000
2014-05-20,14088.450195,14602.519531,13964.429688,14602.519531,14602.519531,654400000
2014-05-27,14589.790039,14963.910156,14574.019531,14935.919922,14935.919922,677400000
2014-06-03,15089.040039,15206.570313,14985.209961,15124.000000,15124.000000,647900000
2014-06-10,15130.740234,15184.769531,14830.990234,14933.290039,14933.290039,641400000
2014-06-17,14962.990234,15442.669922,14948.540039,15369.280273,15369.280273,725900000
2014-06-24,15300.500000,15424.570313,15027.309570,15162.099609,15162.099609,569500000
2014-07-01,15179.639648,15490.370117,15145.870117,15379.440430,15379.440430,561300000
2014-07-08,15304.269531,15389.889648,15101.490234,15296.820313,15296.820313,568800000
2014-07-15,15354.429688,15465.740234,15110.450195,15215.709961,15215.709961,393900000
2014-07-22,15296.419922,15556.620117,15232.139648,15529.400391,15529.400391,573000000
2014-07-29,15564.790039,15759.660156,15440.209961,15474.500000,15474.500000,637300000
2014-08-05,15506.870117,15507.320313,14753.839844,15130.519531,15130.519531,701900000
2014-08-12,15164.730469,15365.349609,15108.530273,15322.599609,15322.599609,444300000
2014-08-19,15451.940430,15628.780273,15429.110352,15613.250000,15613.250000,488800000
2014-08-26,15609.639648,15613.339844,15356.000000,15476.599609,15476.599609,473700000
2014-09-02,15526.940430,15829.379883,15516.500000,15705.110352,15705.110352,576500000
2014-09-09,15795.820313,15984.900391,15664.790039,15948.290039,15948.290039,529500000
2014-09-16,15896.059570,16364.080078,15871.120117,16205.900391,16205.900391,679500000
2014-09-23,16105.559570,16374.139648,16087.950195,16310.639648,16310.639648,517300000
2014-09-30,16252.719727,16252.719727,15559.070313,15890.950195,15890.950195,732300000
2014-10-07,15841.169922,15913.519531,15221.830078,15300.549805,15300.549805,612100000
2014-10-14,15036.870117,15111.230469,14529.030273,15111.230469,15111.230469,878300000
2014-10-21,15115.290039,15424.049805,14761.839844,15388.719727,15388.719727,642800000
2014-10-28,15363.280273,16533.910156,15263.360352,16413.759766,16413.759766,723700000
2014-11-04,16732.849609,17127.660156,16713.369141,16780.529297,16780.529297,1045700000
2014-11-11,16869.490234,17520.539063,16855.300781,16973.800781,16973.800781,895900000
2014-11-18,17188.839844,17472.570313,17108.199219,17357.509766,17357.509766,628500000
2014-11-25,17490.390625,17649.019531,17212.480469,17590.099609,17590.099609,711200000
2014-12-02,17481.060547,18030.830078,17476.419922,17935.640625,17935.640625,689700000
2014-12-09,17820.240234,17892.160156,17037.210938,17099.400391,17099.400391,822300000
2014-12-16,16862.419922,17692.580078,16672.939453,17635.140625,17635.140625,812200000
2014-12-23,17842.039063,17914.550781,17525.660156,17729.839844,17729.839844,414500000
2014-12-30,17702.119141,17713.759766,17219.220703,17408.710938,17408.710938,214800000
2015-01-06,17101.580078,17342.650391,16808.259766,17197.730469,17197.730469,600400000
2015-01-13,16970.880859,17141.980469,16592.570313,17014.289063,17014.289063,744500000
2015-01-20,17071.650391,17532.060547,17066.769531,17468.519531,17468.519531,635000000
2015-01-27,17649.400391,17850.589844,17459.449219,17558.039063,17558.039063,731100000
2015-02-03,17654.599609,17799.490234,17271.869141,17711.929688,17711.929688,813600000
2015-02-10,17662.669922,18074.259766,17550.029297,18004.769531,18004.769531,619700000
2015-02-17,17949.699219,18509.080078,17901.259766,18466.919922,18466.919922,791600000
2015-02-24,18468.390625,18939.169922,18427.980469,18826.880859,18826.880859,749300000
2015-03-03,18910.519531,18979.640625,18586.839844,18790.550781,18790.550781,685100000
2015-03-10,18891.009766,19349.199219,18577.060547,19246.060547,19246.060547,784800000
2015-03-17,19425.890625,19778.599609,19312.699219,19754.359375,19754.359375,679200000
2015-03-24,19718.990234,19775.449219,19099.869141,19411.400391,19411.400391,756300000
2015-03-31,19592.429688,19607.250000,18927.949219,19397.980469,19397.980469,660400000
2015-04-07,19539.029297,20006.000000,19501.310547,19905.460938,19905.460938,640900000
2015-04-14,19828.650391,19922.500000,19474.230469,19634.490234,19634.490234,739800000
2015-04-21,19731.570313,20252.119141,19678.220703,19983.320313,19983.320313,830100000
2015-04-28,20068.650391,20133.779297,19399.160156,19531.630859,19531.630859,481900000
2015-05-05,19356.460938,19679.630859,19257.849609,19620.910156,19620.910156,561700000
2015-05-12,19608.230469,19890.269531,19467.650391,19890.269531,19890.269531,954000000
2015-05-19,19977.140625,20417.769531,19946.750000,20413.769531,20413.769531,823600000
2015-05-26,20431.269531,20655.330078,20363.210938,20569.869141,20569.869141,971500000
2015-06-02,20604.669922,20619.609375,20359.060547,20457.189453,20457.189453,841300000
2015-06-09,20293.050781,20437.259766,20016.320313,20387.789063,20387.789063,799900000
2015-06-16,20332.830078,20433.300781,19990.550781,20428.189453,20428.189453,693100000
2015-06-23,20547.740234,20952.710938,20093.160156,20109.949219,20109.949219,783700000
2015-06-30,20174.609375,20601.730469,20012.230469,20112.119141,20112.119141,739000000
2015-07-07,20354.230469,20428.000000,19115.199219,20089.769531,20089.769531,931800000
2015-07-14,20355.330078,20658.949219,20322.199219,20650.919922,20650.919922,543800000
2015-07-21,20763.310547,20850.000000,20278.730469,20350.099609,20350.099609,632300000
2015-07-28,20188.570313,20585.240234,20070.619141,20548.109375,20548.109375,813000000
2015-08-04,20462.179688,20820.859375,20448.490234,20808.689453,20808.689453,792900000
2015-08-11,20920.599609,20946.929688,20303.019531,20620.259766,20620.259766,742900000
2015-08-18,20640.589844,20663.179688,18498.800781,18540.679688,18540.679688,866400000
2015-08-25,18171.660156,19192.820313,17714.300781,18890.480469,18890.480469,1147300000
2015-09-01,18763.720703,18777.470703,17478.720703,17860.470703,17860.470703,853400000
2015-09-08,17941.910156,18770.509766,17415.609375,17965.699219,17965.699219,857300000
2015-09-15,18082.720703,18468.199219,17995.980469,18070.210938,18070.210938,575300000
2015-09-22,17803.410156,17886.490234,17483.689453,17645.109375,17645.109375,483500000
2015-09-29,17359.380859,18079.460938,16901.490234,18005.490234,18005.490234,770200000
2015-10-06,18302.410156,18438.669922,18043.080078,18438.669922,18438.669922,651700000
2015-10-13,18335.150391,18397.519531,17758.119141,18131.230469,18131.230469,671900000
2015-10-20,18245.539063,19088.759766,18147.980469,18947.119141,18947.119141,654900000
2015-10-27,18961.160156,19202.339844,18641.220703,18683.240234,18683.240234,742000000
2015-11-03,18941.320313,19684.410156,18926.910156,19642.740234,19642.740234,593000000
2015-11-10,19457.050781,19725.830078,19252.039063,19393.689453,19393.689453,636600000
2015-11-17,19641.669922,19959.060547,19628.839844,19879.810547,19879.810547,521400000
2015-11-24,19875.990234,19994.050781,19707.669922,19747.470703,19747.470703,660200000
2015-12-01,19799.080078,20012.400391,19444.539063,19698.150391,19698.150391,602600000
2015-12-08,19689.869141,19764.210938,18611.089844,18883.419922,18883.419922,670600000
2015-12-15,18869.039063,19869.080078,18562.509766,18916.019531,18916.019531,788400000
2015-12-22,18927.859375,19071.410156,18744.439453,18873.349609,18873.349609,490100000
2015-12-29,18843.390625,19113.179688,18394.429688,18450.980469,18450.980469,337600000
2016-01-05,18398.759766,18547.380859,17509.640625,17697.960938,17697.960938,626800000
2016-01-12,17470.929688,17717.750000,16665.050781,16955.570313,16955.570313,827600000
2016-01-19,16902.289063,17208.240234,16017.259766,17110.910156,17110.910156,904000000
2016-01-26,16833.130859,17905.369141,16652.259766,17865.230469,17865.230469,982300000
2016-02-02,17716.519531,17864.699219,16552.300781,17004.300781,17004.300781,1128100000
2016-02-09,16666.789063,16668.699219,14865.769531,16022.580078,16022.580078,1084400000
2016-02-16,15849.469727,16341.559570,15632.120117,16111.049805,16111.049805,918300000
2016-02-23,16230.379883,16472.500000,15753.769531,16026.759766,16026.759766,798300000
2016-03-01,16013.000000,17042.919922,15857.370117,16911.320313,16911.320313,871900000
2016-03-08,16889.480469,17291.349609,16494.800781,17233.750000,17233.750000,818000000
2016-03-15,17219.890625,17279.300781,16613.689453,16724.810547,16724.810547,578900000
2016-03-22,16937.310547,17167.880859,16843.990234,17134.369141,17134.369141,633000000
2016-03-29,16985.279297,17137.199219,16029.500000,16123.269531,16123.269531,728900000
2016-04-05,16044.230469,16066.179688,15471.799805,15751.129883,15751.129883,761300000
2016-04-12,15719.240234,16928.669922,15693.610352,16275.950195,16275.950195,755100000
2016-04-19,16582.660156,17613.560547,16570.500000,17439.300781,17439.300781,855400000
2016-04-26,17358.560547,17572.269531,15975.469727,16147.379883,16147.379883,715500000
2016-05-03,16212.669922,16292.860352,15989.349609,16216.030273,16216.030273,266900000
2016-05-10,16307.500000,16814.640625,16229.150391,16466.400391,16466.400391,745400000
2016-05-17,16618.949219,16841.039063,16417.839844,16654.599609,16654.599609,667100000
2016-05-24,16605.039063,17068.019531,16471.369141,17068.019531,17068.019531,547800000
2016-05-31,17029.460938,17251.359375,16322.639648,16580.029297,16580.029297,662700000
2016-06-07,16651.050781,16830.919922,16019.179688,16019.179688,16019.179688,617800000
2016-06-14,16001.190430,16082.500000,15395.980469,15965.299805,15965.299805,721900000
2016-06-21,15875.809570,16389.169922,14864.009766,15309.209961,15309.209961,768300000
2016-06-28,15094.709961,15805.309570,14987.790039,15775.799805,15775.799805,707400000
2016-07-05,15682.160156,15816.669922,15106.519531,15708.820313,15708.820313,663300000
2016-07-12,15961.299805,16607.320313,15956.910156,16497.849609,16497.849609,688700000
2016-07-19,16612.089844,16938.960938,16514.660156,16620.289063,16620.289063,590600000
2016-07-26,16535.810547,16821.429688,16174.349609,16635.769531,16635.769531,820000000
2016-08-02,16469.679688,16652.039063,15921.040039,16650.570313,16650.570313,718300000
2016-08-09,16632.410156,16943.669922,16630.560547,16869.560547,16869.560547,444100000
2016-08-16,16878.660156,16887.570313,16452.619141,16598.189453,16598.189453,575000000
2016-08-23,16549.820313,16764.640625,16320.429688,16737.490234,16737.490234,510100000
2016-08-30,16690.980469,17156.359375,16677.849609,17037.630859,17037.630859,629100000
2016-09-06,17035.029297,17097.589844,16601.539063,16672.919922,16672.919922,588800000
2016-09-13,16764.650391,16787.060547,16359.780273,16519.289063,16519.289063,459400000
2016-09-20,16403.220703,16823.630859,16399.650391,16544.560547,16544.560547,553500000
2016-09-27,16390.910156,16756.429688,16285.410156,16598.669922,16598.669922,615600000
2016-10-04,16661.509766,16971.279297,16637.820313,16860.089844,16860.089844,426300000
2016-10-11,16936.310547,17074.460938,16727.779297,16900.119141,16900.119141,543500000
2016-10-18,16862.310547,17288.890625,16844.169922,17234.419922,17234.419922,514600000
2016-10-25,17298.630859,17461.029297,17278.119141,17425.019531,17425.019531,639200000
2016-11-01,17380.539063,17473.119141,16801.980469,17177.210938,17177.210938,506000000
2016-11-08,17242.699219,17697.330078,16111.809570,17672.619141,17672.619141,1011400000
2016-11-15,17690.220703,18129.029297,17605.769531,18106.019531,18106.019531,837100000
2016-11-22,18091.050781,18482.939453,18050.550781,18356.890625,18356.890625,581200000
2016-11-29,18263.630859,18746.279297,18227.390625,18274.990234,18274.990234,810000000
2016-12-06,18457.199219,19280.929688,18318.990234,19155.029297,19155.029297,910800000
2016-12-13,19120.759766,19439.970703,19060.720703,19391.599609,19391.599609,690100000
2016-12-20,19367.839844,19592.900391,19327.509766,19396.640625,19396.640625,448900000
2016-12-27,19353.429688,19478.580078,18991.589844,19114.369141,19114.369141,469200000
2017-01-03,19298.679688,19615.400391,19277.929688,19454.330078,19454.330078,417100000
2017-01-10,19414.830078,19484.900391,19061.269531,19095.240234,19095.240234,595500000
2017-01-17,19038.449219,19176.859375,18650.330078,18891.029297,18891.029297,659400000
2017-01-24,18817.419922,19486.679688,18783.160156,19368.849609,19368.849609,634500000
2017-01-31,19145.349609,19199.750000,18830.890625,18976.710938,18976.710938,663300000
2017-02-07,18844.119141,19519.439453,18805.320313,19459.150391,19459.150391,606800000
2017-02-14,19478.859375,19501.009766,19115.109375,19251.080078,19251.080078,665900000
2017-02-21,19267.869141,19419.220703,18995.550781,19107.470703,19107.470703,671300000
2017-02-28,19194.679688,19668.009766,19118.990234,19379.140625,19379.140625,610400000
2017-03-07,19337.189453,19656.480469,19198.779297,19633.750000,19633.750000,551000000
2017-03-14,19634.289063,19637.550781,19454.169922,19521.589844,19521.589844,498600000
2017-03-21,19416.550781,19485.140625,18973.750000,18985.589844,18985.589844,607800000
2017-03-28,19159.070313,19251.300781,18909.259766,18983.230469,18983.230469,645300000
2017-04-04,18933.820313,18947.330078,18517.429688,18797.880859,18797.880859,675000000
2017-04-11,18717.550781,18767.699219,18224.679688,18355.259766,18355.259766,345100000
2017-04-18,18497.380859,18910.330078,18327.330078,18875.880859,18875.880859,542300000
2017-04-25,18872.560547,19311.210938,18867.189453,19310.519531,19310.519531,588400000
2017-05-02,19335.720703,19929.480469,19335.019531,19895.699219,19895.699219,261400000
2017-05-09,19915.640625,19989.939453,19740.630859,19869.849609,19869.849609,654000000
2017-05-16,19953.060547,19998.490234,19449.730469,19678.279297,19678.279297,579000000
2017-05-23,19647.740234,19850.929688,19585.539063,19682.570313,19682.570313,431600000
2017-05-30,19681.109375,20239.810547,19570.130859,20170.820313,20170.820313,550700000
2017-06-06,20122.259766,20152.949219,19837.640625,19908.580078,19908.580078,583900000
2017-06-13,19859.810547,20087.710938,19755.339844,20067.750000,20067.750000,512100000
2017-06-20,20234.119141,20318.109375,20089.539063,20153.349609,20153.349609,436300000
2017-06-27,20229.119141,20266.589844,19946.509766,20055.800781,20055.800781,524600000
2017-07-04,20192.269531,20197.160156,19856.650391,20080.980469,20080.980469,465200000
2017-07-11,20073.859375,20200.880859,20061.160156,20118.859375,20118.859375,332300000
2017-07-18,20074.410156,20157.109375,19901.880859,19975.669922,19975.669922,415400000
2017-07-25,19979.560547,20176.390625,19891.900391,19925.179688,19925.179688,494300000
2017-08-01,19907.080078,20113.730469,19904.720703,20055.890625,20055.890625,446800000
2017-08-08,20062.650391,20076.800781,19486.480469,19537.099609,19537.099609,397300000
2017-08-15,19689.380859,19824.119141,19365.650391,19393.130859,19393.130859,402600000
2017-08-22,19373.109375,19561.320313,19351.919922,19449.900391,19449.900391,364600000
2017-08-29,19319.109375,19735.960938,19280.019531,19508.250000,19508.250000,415800000
2017-09-05,19533.380859,19567.029297,19239.519531,19545.769531,19545.769531,433300000
2017-09-12,19736.140625,19933.400391,19718.800781,19909.500000,19909.500000,380000000
2017-09-19,20128.179688,20481.269531,20122.000000,20397.580078,20397.580078,515400000
2017-09-26,20349.259766,20411.330078,20213.660156,20400.779297,20400.779297,395300000
2017-10-03,20475.250000,20721.150391,20438.169922,20690.710938,20690.710938,279500000
2017-10-10,20680.539063,21347.070313,20663.080078,21255.560547,21255.560547,451700000
2017-10-17,21352.169922,21723.599609,21230.669922,21696.650391,21696.650391,422800000
2017-10-24,21670.000000,22086.880859,21646.519531,22011.669922,22011.669922,548800000
2017-10-31,21897.289063,22644.679688,21840.070313,22548.349609,22548.349609,432600000
2017-11-07,22518.750000,23382.150391,22380.990234,22380.990234,22380.990234,555700000
2017-11-14,22342.929688,22757.400391,21972.339844,22261.759766,22261.759766,498500000
2017-11-21,22456.789063,22677.339844,22381.009766,22495.990234,22495.990234,288600000
2017-11-28,22474.740234,22994.310547,22363.939453,22707.160156,22707.160156,466800000
2017-12-05,22595.330078,22938.730469,22119.210938,22938.730469,22938.730469,429100000
2017-12-12,22936.410156,22994.330078,22478.320313,22901.769531,22901.769531,447200000
2017-12-19,22961.470703,22990.419922,22728.060547,22939.179688,22939.179688,313700000
2017-12-26,22922.949219,22954.449219,22736.429688,22764.939453,22764.939453,190400000
2018-01-02,23073.730469,23730.470703,23065.199219,23714.529297,23714.529297,204100000
2018-01-09,23948.970703,23952.609375,23588.070313,23714.880859,23714.880859,435700000
2018-01-16,23721.169922,24084.419922,23697.810547,23816.330078,23816.330078,387100000
2018-01-23,23924.400391,24129.339844,23580.169922,23629.339844,23629.339844,390800000
2018-01-30,23559.330078,23581.980469,22659.429688,22682.080078,22682.080078,496600000
2018-02-06,22267.000000,22353.869141,21078.710938,21382.619141,21382.619141,565900000
2018-02-13,21633.339844,22152.849609,20950.150391,22149.210938,22149.210938,451300000
2018-02-20,22054.320313,22226.529297,21626.849609,22153.630859,22153.630859,351900000
2018-02-27,22391.669922,22502.050781,20937.259766,21042.089844,21042.089844,437700000
2018-03-06,21390.199219,21971.160156,21201.939453,21824.029297,21824.029297,416600000
2018-03-13,21742.449219,21968.099609,21366.880859,21480.900391,21480.900391,341400000
2018-03-20,21297.980469,21592.000000,20347.490234,20766.099609,20766.099609,367600000
2018-03-27,20958.900391,21597.470703,20776.820313,21388.580078,21388.580078,380000000
2018-04-03,21115.480469,21742.839844,21056.019531,21678.259766,21678.259766,356600000
2018-04-10,21599.669922,21933.990234,21542.369141,21835.529297,21835.529297,329100000
2018-04-17,21801.830078,22360.650391,21772.419922,22088.039063,22088.039063,341100000
2018-04-24,22228.820313,22495.560547,22080.759766,22467.869141,22467.869141,311700000
2018-05-01,22453.419922,22568.189453,22350.910156,22467.160156,22467.160156,229600000
2018-05-08,22440.650391,22894.759766,22364.750000,22865.859375,22865.859375,385400000
2018-05-15,22889.470703,23050.390625,22695.839844,23002.369141,23002.369141,366600000
2018-05-22,23025.949219,23031.669922,22318.150391,22481.089844,22481.089844,343300000
2018-05-29,22431.949219,22515.720703,21931.650391,22475.939453,22475.939453,437100000
2018-06-05,22552.169922,22879.000000,22470.039063,22804.039063,22804.039063,346800000
2018-06-12,22977.220703,23011.570313,22601.130859,22680.330078,22680.330078,346500000
2018-06-19,22565.919922,22782.009766,22167.160156,22338.150391,22338.150391,390800000
2018-06-26,22160.330078,22368.779297,21784.480469,21811.929688,21811.929688,342100000
2018-07-03,21889.060547,22105.949219,21462.949219,22052.179688,22052.179688,338200000
2018-07-10,22215.339844,22692.859375,21744.250000,22597.349609,22597.349609,302600000
2018-07-17,22605.730469,22949.320313,22341.869141,22396.990234,22396.990234,352400000
2018-07-24,22555.050781,22717.150391,22416.230469,22544.839844,22544.839844,348100000
2018-07-31,22472.119141,22775.470703,22352.210938,22507.320313,22507.320313,449400000
2018-08-07,22514.310547,22800.609375,21851.320313,21857.429688,21857.429688,355700000
2018-08-14,22053.070313,22380.279297,21871.699219,22199.000000,22199.000000,301700000
2018-08-21,22110.539063,22838.060547,22053.140625,22799.640625,22799.640625,262300000
2018-08-28,22967.740234,23032.169922,22678.029297,22707.380859,22707.380859,311400000
2018-09-04,22740.050781,22753.179688,22172.900391,22373.089844,22373.089844,305400000
2018-09-11,22469.779297,23105.279297,22457.099609,23094.669922,23094.669922,334000000
2018-09-18,23042.189453,23971.410156,23039.259766,23869.929688,23869.929688,406400000
2018-09-25,23881.849609,24306.539063,23778.039063,24245.759766,24245.759766,416900000
2018-10-02,24376.169922,24448.070313,23730.189453,23783.720703,23783.720703,325800000
2018-10-09,23550.470703,23589.380859,22261.919922,22271.300781,22271.300781,451800000
2018-10-16,22298.199219,22959.410156,22212.570313,22614.820313,22614.820313,336900000
2018-10-23,22404.140625,22410.150391,20971.929688,21149.800781,21149.800781,421400000
2018-10-30,21049.519531,22308.419922,21035.880859,21898.990234,21898.990234,504400000
2018-11-06,22018.869141,22583.429688,21994.279297,22269.880859,22269.880859,315600000
2018-11-13,21885.240234,21990.410156,21484.650391,21821.160156,21821.160156,307900000
2018-11-20,21582.689453,21838.099609,21243.380859,21812.000000,21812.000000,303700000
2018-11-27,21967.980469,22698.789063,21816.050781,22574.759766,22574.759766,395500000
2018-12-04,22533.970703,22576.619141,21169.960938,21219.500000,21219.500000,418000000
2018-12-11,21273.039063,21871.339844,21062.310547,21506.880859,21506.880859,422500000
2018-12-18,21275.509766,21330.359375,20006.669922,20166.189453,20166.189453,374700000
2018-12-25,19785.429688,20211.570313,18948.580078,20014.769531,20014.769531,243500000
2019-01-01,19655.130859,20266.220703,19241.369141,20038.970703,20038.970703,173100000
2019-01-08,20224.669922,20494.349609,20101.929688,20359.699219,20359.699219,310600000
2019-01-15,20264.820313,20892.679688,20204.429688,20719.330078,20719.330078,337300000
2019-01-22,20770.060547,20844.310547,20438.220703,20649.000000,20649.000000,243700000
2019-01-29,20555.439453,20929.630859,20406.220703,20883.769531,20883.769531,359700000
2019-02-05,20960.470703,20981.230469,20315.310547,20333.169922,20333.169922,291200000
2019-02-12,20442.550781,21306.359375,20428.570313,21281.849609,21281.849609,354600000
2019-02-19,21256.580078,21590.029297,21217.160156,21528.230469,21528.230469,285900000
2019-02-26,21556.019531,21860.390625,21364.089844,21822.039063,21822.039063,317300000
2019-03-05,21712.800781,21798.380859,20938.000000,21125.089844,21125.089844,346900000
2019-03-12,21361.609375,21612.669922,21198.990234,21584.500000,21584.500000,336500000
2019-03-19,21558.429688,21713.259766,20911.570313,20977.109375,20977.109375,281800000
2019-03-26,21174.339844,21682.939453,20974.189453,21509.029297,21509.029297,387400000
2019-04-02,21744.640625,21900.550781,21489.949219,21761.650391,21761.650391,310500000
2019-04-09,21750.289063,22211.029297,21571.669922,22169.109375,22169.109375,301900000
2019-04-16,22108.150391,22345.189453,22058.390625,22217.900391,22217.900391,242900000
2019-04-23,22241.740234,22362.919922,22073.099609,22258.730469,22258.730469,255100000
2019-04-30,null,null,null,null,null,null
2019-05-07,22184.400391,22190.490234,21127.929688,21191.279297,21191.279297,446300000
2019-05-14,20870.769531,21430.060547,20751.449219,21301.730469,21301.730469,397700000
2019-05-21,21211.259766,21404.539063,20922.000000,21182.580078,21182.580078,307800000
2019-05-28,21187.169922,21297.699219,20305.740234,20410.880859,20410.880859,373700000
2019-06-04,20435.859375,21166.119141,20289.640625,21134.419922,21134.419922,310000000
2019-06-11,21099.539063,21259.699219,20932.130859,21124.000000,21124.000000,283800000
2019-06-18,21111.769531,21497.820313,20924.189453,21285.990234,21285.990234,306600000
2019-06-25,21238.070313,21758.339844,21035.839844,21729.970703,21729.970703,294500000
2019-07-02,21699.429688,21784.220703,21499.570313,21534.349609,21534.349609,244200000
2019-07-09,21598.150391,21720.140625,21488.220703,21685.900391,21685.900391,207800000
2019-07-16,21644.380859,21655.519531,20993.439453,21416.789063,21416.789063,278100000
2019-07-23,21425.439453,21823.070313,21411.929688,21616.800781,21616.800781,240700000
2019-07-30,21681.820313,21792.980469,20514.189453,20720.289063,20720.289063,384000000
2019-08-06,20325.519531,20782.060547,20110.759766,20684.820313,20684.820313,291800000
2019-08-13,20432.679688,20697.419922,20184.849609,20563.160156,20563.160156,311000000
2019-08-20,20605.349609,20731.189453,20173.759766,20261.039063,20261.039063,278300000
2019-08-27,20467.220703,20748.349609,20361.119141,20620.189453,20620.189453,281800000
2019-09-03,20581.580078,21333.509766,20554.160156,21318.419922,21318.419922,263400000
2019-09-10,21363.570313,22019.660156,21350.349609,21988.289063,21988.289063,414800000
2019-09-17,21947.589844,22255.560547,21878.630859,22079.089844,22079.089844,314100000
2019-09-24,22095.349609,22184.910156,21666.599609,21755.839844,21755.839844,357900000
2019-10-01,21831.439453,21938.769531,21276.009766,21375.250000,21375.250000,298400000
2019-10-08,21494.480469,21820.769531,21308.880859,21798.869141,21798.869141,243500000
2019-10-15,22063.710938,22649.849609,22049.710938,22548.900391,22548.900391,318600000
2019-10-22,22619.769531,22896.220703,22457.890625,22867.269531,22867.269531,234600000
2019-10-29,22950.789063,23008.429688,22705.599609,22850.769531,22850.769531,318200000
2019-11-05,23118.789063,23591.089844,23090.939453,23331.839844,23331.839844,406500000
2019-11-12,23336.369141,23545.699219,23062.160156,23416.759766,23416.759766,335800000
2019-11-19,23366.359375,23389.529297,22726.710938,23292.810547,23292.810547,305600000
2019-11-26,23451.400391,23608.060547,23273.369141,23529.500000,23529.500000,291100000
2019-12-03,23231.140625,23544.310547,23044.779297,23430.699219,23430.699219,288500000
2019-12-10,23372.390625,24050.039063,23333.630859,23952.349609,23952.349609,339200000
2019-12-17,24091.119141,24091.119141,23746.630859,23821.109375,23821.109375,301400000
2019-12-24,23839.179688,23967.179688,23656.619141,23656.619141,23656.619141,196200000
2019-12-31,23319.759766,23365.359375,23148.529297,23204.859375,23204.859375,72800000
2020-01-07,23320.119141,23903.289063,22951.179688,23850.570313,23850.570313,261800000
2020-01-14,23969.039063,24115.949219,23875.820313,24083.509766,24083.509766,274500000
2020-01-21,24072.810547,24081.750000,23317.320313,23343.509766,23343.509766,260200000
2020-01-28,23126.929688,23421.589844,22775.919922,22971.939453,22971.939453,336800000
2020-02-04,22881.130859,23995.369141,22854.449219,23685.980469,23685.980469,355200000
2020-02-11,23741.210938,23908.849609,23335.990234,23523.240234,23523.240234,262200000
2020-02-18,23398.570313,23806.560547,23133.599609,23386.740234,23386.740234,246500000
2020-02-25,22949.369141,22950.230469,20834.289063,21344.080078,21344.080078,583500000
2020-03-03,21651.990234,21719.779297,19472.259766,19698.759766,19698.759766,567600000
2020-03-10,19474.890625,19974.830078,16690.599609,17002.039063,17002.039063,850000000
2020-03-17,16726.949219,17557.039063,16358.190430,16887.779297,16887.779297,745200000
2020-03-24,17206.880859,19564.380859,17197.140625,19084.970703,19084.970703,693000000
2020-03-31,19181.900391,19336.189453,17646.500000,18576.300781,18576.300781,537000000
2020-04-07,18878.859375,19500.070313,18553.140625,19043.400391,19043.400391,449500000
2020-04-14,19150.300781,19922.070313,19093.119141,19669.119141,19669.119141,410200000
2020-04-21,19479.830078,19819.060547,18858.250000,19783.220703,19783.220703,390700000
2020-04-28,19776.179688,20365.890625,19551.730469,19619.349609,19619.349609,258600000
2020-05-05,19468.519531,20534.880859,19448.929688,20390.660156,20390.660156,241300000
2020-05-12,20413.230469,20457.369141,19832.880859,20133.730469,20133.730469,371200000
2020-05-19,20469.519531,20741.650391,20334.990234,20741.650391,20741.650391,353900000
2020-05-26,20927.960938,22161.390625,20918.109375,22062.390625,22062.390625,558600000
2020-06-02,22175.519531,23178.099609,22118.400391,23178.099609,23178.099609,458100000
2020-06-09,23135.789063,23185.849609,21529.830078,21530.949219,21530.949219,472000000
2020-06-16,21912.289063,22624.140625,21899.480469,22437.269531,22437.269531,389400000
2020-06-23,22636.060547,22693.890625,21969.589844,21995.039063,21995.039063,288100000
2020-06-30,22335.099609,22734.109375,22039.560547,22714.439453,22714.439453,324900000
2020-07-07,22649.900391,22784.740234,22285.070313,22784.740234,22784.740234,342800000
2020-07-14,22631.869141,22965.560547,22538.779297,22717.480469,22717.480469,328900000
2020-07-21,22789.380859,22925.580078,22429.570313,22715.849609,22715.849609,205800000
2020-07-28,22735.019531,22842.189453,21710.000000,22195.380859,22195.380859,410500000
2020-08-04,22379.740234,22603.820313,22204.609375,22329.939453,22329.939453,292400000
2020-08-11,22505.509766,23338.789063,22497.070313,23096.750000,23096.750000,378300000
2020-08-18,23097.800781,23149.849609,22851.830078,22985.509766,22985.509766,247700000
2020-08-25,23242.740234,23431.039063,22594.789063,23139.759766,23139.759766,354900000
2020-09-01,23089.630859,23580.509766,23047.769531,23089.949219,23089.949219,286300000
2020-09-08,23188.789063,23582.210938,22878.710938,23559.300781,23559.300781,356400000
2020-09-15,23438.830078,23506.449219,23272.230469,23360.300781,23360.300781,268500000
2020-09-22,23245.890625,23516.039063,23039.480469,23511.619141,23511.619141,301700000
2020-09-29,23410.500000,23622.740234,22951.410156,23312.140625,23312.140625,295300000
2020-10-06,23420.070313,23725.580078,23272.449219,23558.689453,23558.689453,267100000
2020-10-13,23667.900391,23707.160156,23382.669922,23671.130859,23671.130859,243900000
2020-10-20,23587.869141,23702.300781,23436.169922,23494.339844,23494.339844,237800000
2020-10-27,23376.960938,23485.800781,22948.470703,23295.480469,23295.480469,323700000
2020-11-03,23619.580078,24962.800781,23505.779297,24839.839844,24839.839844,300400000
2020-11-10,25087.300781,25928.179688,24833.179688,25906.929688,25906.929688,473700000
2020-11-17,26043.449219,26057.300781,25425.589844,25527.369141,25527.369141,299400000
2020-11-24,25901.449219,26834.199219,25901.449219,26433.619141,26433.619141,471600000
2020-12-01,26624.199219,26894.250000,26500.320313,26547.439453,26547.439453,346100000
2020-12-08,26380.320313,26870.470703,26327.080078,26732.439453,26732.439453,321000000
2020-12-15,26683.109375,26905.669922,26533.630859,26714.419922,26714.419922,316600000
2020-12-22,26559.330078,26854.029297,26361.660156,26854.029297,26854.029297,246600000
2020-12-29,26936.380859,27602.519531,26921.140625,27258.380859,27258.380859,161500000
2021-01-05,27151.380859,28139.029297,27002.179688,28139.029297,28139.029297,311500000
2021-01-12,28004.369141,28979.529297,27899.449219,28242.210938,28242.210938,357600000
2021-01-19,28405.490234,28846.150391,28373.339844,28822.289063,28822.289063,319900000
2021-01-26,28696.300781,28754.990234,27629.800781,28091.050781,28091.050781,413800000
2021-02-02,28207.480469,29400.560547,28089.119141,29388.500000,29388.500000,419400000
2021-02-09,29435.609375,30092.339844,29350.480469,30084.150391,30084.150391,318100000
2021-02-16,30229.460938,30714.519531,29847.330078,30156.029297,30156.029297,360500000
2021-02-23,30020.109375,30213.279297,28966.009766,29663.500000,29663.500000,305000000
2021-03-02,29939.750000,29996.390625,28308.570313,28743.250000,28743.250000,392300000
2021-03-09,28748.869141,29884.730469,28609.210938,29766.970703,29766.970703,448900000
2021-03-16,29770.390625,30485.000000,29107.630859,29174.150391,29174.150391,461100000
2021-03-23,29381.490234,29578.369141,28379.060547,29384.519531,29384.519531,429600000
2021-03-30,29365.039063,30195.000000,29165.519531,30089.250000,30089.250000,350100000
2021-04-06,30208.890625,30208.890625,29516.419922,29538.730469,29538.730469,304700000
2021-04-13,29605.689453,29897.109375,29530.839844,29685.369141,29685.369141,256500000
2021-04-20,29355.869141,29361.279297,28419.839844,29126.230469,29126.230469,282700000
2021-04-27,29174.529297,29187.109375,28760.269531,28812.630859,28812.630859,199200000
2021-05-04,29024.009766,29685.410156,28966.470703,29518.339844,29518.339844,228100000
2021-05-11,29238.560547,29289.119141,27385.029297,27824.830078,27824.830078,381100000
2021-05-18,27931.570313,28584.179688,27821.960938,28364.609375,28364.609375,313600000
2021-05-25,28516.990234,29194.109375,28360.560547,28860.080078,28860.080078,390800000
2021-06-01,28998.650391,29241.199219,28565.830078,29019.240234,29019.240234,283700000
2021-06-08,29046.029297,29208.349609,28799.740234,29161.800781,29161.800781,270200000
2021-06-15,29256.029297,29480.849609,27795.859375,28010.929688,28010.929688,328300000
2021-06-22,28513.070313,29174.169922,28494.460938,29048.019531,29048.019531,262800000
2021-06-29,28927.439453,28998.990234,28581.080078,28598.189453,28598.189453,245600000
2021-07-06,28677.949219,28748.230469,27419.400391,28569.019531,28569.019531,302000000
2021-07-13,28713.820313,28852.310547,27493.630859,27652.740234,27652.740234,258100000
2021-07-20,27351.800781,28036.470703,27330.150391,27833.289063,27833.289063,168900000
2021-07-27,27911.929688,28036.230469,27272.490234,27781.019531,27781.019531,307300000
2021-08-03,27580.029297,27888.869141,27488.740234,27820.039063,27820.039063,237700000
2021-08-10,27887.029297,28279.800781,27427.380859,27523.189453,27523.189453,299400000
2021-08-17,27666.939453,27750.390625,26954.810547,27494.240234,27494.240234,297400000
2021-08-24,27653.230469,27921.550781,27481.230469,27789.289063,27789.289063,264900000
2021-08-31,27690.769531,29705.039063,27602.210938,29659.890625,29659.890625,344000000
2021-09-07,29883.919922,30447.369141,29787.130859,30447.369141,30447.369141,389900000
2021-09-14,30584.769531,30795.779297,30202.509766,30500.050781,30500.050781,315500000
2021-09-21,30021.250000,30414.609375,29573.880859,30240.060547,30240.060547,304500000
2021-09-28,30142.380859,30207.630859,28343.580078,28444.890625,28444.890625,442100000
2021-10-05,28050.390625,28581.359375,27293.619141,28498.199219,28498.199219,423000000
2021-10-12,28458.880859,29144.330078,27993.460938,29025.460938,29025.460938,323900000
2021-10-19,29117.279297,29489.109375,28472.550781,28600.410156,28600.410156,305700000
2021-10-26,28927.609375,29666.830078,28475.060547,29647.080078,29647.080078,467400000
2021-11-02,29462.400391,29880.810547,29457.179688,29507.050781,29507.050781,303300000
2021-11-09,29557.550781,29861.880859,29040.080078,29776.800781,29776.800781,318300000
2021-11-16,29749.710938,29960.929688,29402.570313,29774.109375,29774.109375,315700000
2021-11-23,29663.449219,29758.050781,28187.119141,28283.919922,28283.919922,279000000
2021-11-30,28611.730469,28718.699219,27588.609375,27927.369141,27927.369141,432600000
2021-12-07,28138.820313,28908.289063,27961.660156,28640.490234,28640.490234,321600000
2021-12-14,28554.859375,29070.080078,27893.179688,27937.810547,27937.810547,321000000
2021-12-21,28309.599609,28870.130859,28226.429688,28676.460938,28676.460938,217500000
2021-12-28,28953.320313,29121.009766,28579.490234,28791.710938,28791.710938,132100000
2022-01-04,29098.410156,29388.160156,28293.699219,28478.560547,28478.560547,291400000
2022-01-11,28380.900391,28814.310547,27889.210938,28333.519531,28333.519531,352700000
2022-01-18,28451.339844,28690.339844,27129.609375,27588.369141,27588.369141,363300000
2022-01-25,27466.820313,27493.750000,26044.519531,27001.980469,27001.980469,380500000
2022-02-01,27167.140625,27564.619141,27016.710938,27248.869141,27248.869141,404100000
2022-02-08,27318.300781,27880.699219,26947.650391,27079.589844,27079.589844,332800000
2022-02-15,27183.560547,27486.089844,26549.000000,26910.869141,26910.869141,324500000
2022-02-22,26515.449219,26644.560547,25775.640625,26526.820313,26526.820313,329500000
2022-03-01,26836.740234,27013.259766,25006.259766,25221.410156,25221.410156,435400000
2022-03-08,24974.349609,25720.310547,24681.740234,25307.849609,25307.849609,463600000
2022-03-15,25228.529297,26862.429688,25219.130859,26827.429688,26827.429688,353300000
2022-03-22,27091.320313,28338.810547,27076.330078,27943.890625,27943.890625,390500000
2022-03-29,28173.429688,28281.449219,27399.480469,27736.470703,27736.470703,356800000
2022-04-05,27965.939453,27965.939453,26720.460938,26821.519531,26821.519531,355700000
2022-04-12,26606.869141,27203.769531,26304.080078,26799.710938,26799.710938,308500000
2022-04-19,27096.490234,27580.640625,26487.839844,26590.779297,26590.779297,316300000
2022-04-26,26743.210938,26964.589844,26051.039063,26818.529297,26818.529297,322800000
2022-05-03,26784.289063,27072.589844,26309.220703,26319.339844,26319.339844,178000000
2022-05-10,26149.060547,26836.960938,25688.109375,26547.050781,26547.050781,448700000
2022-05-17,26555.230469,27053.179688,26150.089844,27001.519531,27001.519531,369400000
2022-05-24,27005.429688,27401.240234,26578.029297,27369.429688,27369.429688,370500000
2022-05-31,27318.089844,27979.539063,27250.699219,27915.890625,27915.890625,401700000
2022-06-07,27984.789063,28389.750000,26948.220703,26987.439453,26987.439453,378400000
2022-06-14,26555.750000,26947.699219,25520.230469,25771.220703,25771.220703,402900000
2022-06-21,26070.919922,26938.429688,25972.279297,26871.269531,26871.269531,335900000
2022-06-28,26795.679688,27062.310547,25841.750000,26153.810547,26153.810547,411000000
2022-07-05,26386.230469,27062.169922,26051.189453,26812.300781,26812.300781,391000000
2022-07-12,26701.000000,26857.769531,26278.279297,26788.470703,26788.470703,244600000
2022-07-19,27003.830078,27952.250000,26791.710938,27699.250000,27699.250000,289400000
2022-07-26,27682.199219,28015.679688,27525.089844,27993.349609,27993.349609,335800000
2022-08-02,27812.480469,28279.119141,27530.599609,28249.240234,28249.240234,364600000
2022-08-09,28236.839844,28897.070313,27729.460938,28871.779297,28871.779297,268100000
2022-08-16,28829.529297,29222.769531,28586.359375,28794.500000,28794.500000,261700000
2022-08-23,28580.199219,28792.929688,27788.119141,27878.960938,27878.960938,284600000
2022-08-30,28086.720703,28233.800781,27511.679688,27619.609375,27619.609375,321700000
2022-09-06,27650.150391,28612.890625,27268.699219,28542.109375,28542.109375,315400000
2022-09-13,28556.210938,28659.759766,27525.679688,27567.650391,27567.650391,252900000
2022-09-20,27788.679688,27907.449219,26424.599609,26431.550781,26431.550781,284200000
2022-09-27,26585.380859,26680.199219,25621.960938,26215.789063,26215.789063,430600000
2022-10-04,26653.490234,27399.189453,26633.519531,27116.109375,27116.109375,296500000
2022-10-11,26757.119141,27180.160156,26237.419922,26775.789063,26775.789063,354600000
2022-10-18,27167.730469,27371.380859,26869.380859,26974.900391,26974.900391,299400000
2022-10-25,27113.199219,27602.990234,26981.080078,27587.460938,27587.460938,404300000
2022-11-01,27614.640625,27692.550781,27032.019531,27527.640625,27527.640625,349200000
2022-11-08,27718.839844,28329.539063,27370.619141,27963.470703,27963.470703,429400000
2022-11-15,27940.259766,28069.250000,27743.150391,27944.789063,27944.789063,324600000
2022-11-22,28059.509766,28502.289063,28038.160156,28162.830078,28162.830078,281200000
2022-11-29,27991.500000,28423.460938,27662.119141,27820.400391,27820.400391,386100000
2022-12-06,27704.060547,27952.800781,27415.660156,27842.330078,27842.330078,308100000
2022-12-13,28067.369141,28195.689453,27165.779297,27237.640625,27237.640625,299800000
2022-12-20,27257.349609,27339.490234,26106.380859,26405.869141,26405.869141,434100000
2022-12-27,26570.779297,26620.490234,25953.919922,26094.500000,26094.500000,227500000
2023-01-03,25834.929688,26034.060547,25661.890625,25973.849609,25973.849609,223800000
2023-01-10,26176.609375,26547.609375,25748.099609,25822.320313,25822.320313,380600000
2023-01-17,25915.509766,26938.279297,25895.300781,26906.039063,26906.039063,350800000
2023-01-24,27150.429688,27502.150391,27150.429688,27433.400391,27433.400391,334800000
2023-01-31,27458.560547,27821.220703,27302.220703,27693.650391,27693.650391,394800000
2023-02-07,27744.900391,27814.960938,27266.939453,27427.320313,27427.320313,364200000
2023-02-14,27705.369141,27727.660156,27426.480469,27531.939453,27531.939453,327300000
2023-02-21,27486.089844,27538.289063,27046.080078,27423.960938,27423.960938,271700000
2023-02-28,27515.339844,28288.619141,27305.369141,28237.779297,28237.779297,369300000
2023-03-07,28202.589844,28734.789063,27631.529297,27832.960938,27832.960938,416700000
2023-03-14,27455.949219,27455.949219,26632.919922,26945.669922,26945.669922,500100000
2023-03-21,27298.150391,27543.480469,27175.630859,27476.869141,27476.869141,259100000
2023-03-28,27573.820313,28258.910156,27432.759766,28188.150391,28188.150391,398300000
2023-04-04,28213.929688,28287.419922,27427.660156,27633.660156,27633.660156,317900000
2023-04-11,27895.900391,28599.750000,27854.820313,28514.779297,28514.779297,318300000
2023-04-18,28567.539063,28778.369141,28442.449219,28593.519531,28593.519531,288400000
2023-04-25,28697.730469,29145.890625,28241.669922,29123.179688,29123.179688,379000000
2023-05-02,29278.800781,29278.800781,28931.810547,28949.880859,28949.880859,138000000
2023-05-09,29020.630859,29629.470703,29020.630859,29626.339844,29626.339844,450600000
2023-05-16,29838.009766,31086.820313,29779.070313,31086.820313,31086.820313,446900000
2023-05-23,31245.720703,31560.429688,30558.140625,31233.539063,31233.539063,414500000
2023-05-30,31196.240234,32217.429688,30785.980469,32217.429688,32217.429688,541000000
2023-06-06,31988.369141,32708.529297,31420.449219,32434.000000,32434.000000,450600000
2023-06-13,32668.949219,33772.890625,32638.210938,33370.421875,33370.421875,521800000
2023-06-20,33269.570313,33657.871094,32392.720703,32698.810547,32698.810547,436800000
2023-06-27,32629.960938,33762.808594,32306.990234,33753.328125,33753.328125,495300000
2023-07-04,33512.261719,33576.449219,32065.630859,32189.730469,32189.730469,501400000
2023-07-11,32434.669922,32780.628906,31791.710938,32391.259766,32391.259766,343700000
2023-07-18,32457.179688,32896.031250,32080.949219,32700.939453,32700.939453,401500000
2023-07-25,32705.390625,33402.078125,32037.550781,33172.218750,33172.218750,581900000
2023-08-01,33292.308594,33488.769531,31830.230469,32254.560547,32254.560547,556000000
2023-08-08,32430.609375,32613.990234,32015.960938,32059.910156,32059.910156,399900000
2023-08-15,32372.529297,32403.929688,31275.250000,31565.640625,31565.640625,391900000
2023-08-22,31792.599609,32297.910156,31572.060547,32169.990234,32169.990234,344300000
2023-08-29,32280.570313,32845.460938,32186.570313,32710.619141,32710.619141,369600000